{
  "menu": [
    {
      "currency_symbol": "$",
      "menu_name": "Menu",
      "sections": [
        {
          "section_name": "Appetizer\u200e",
          "subsections": [
            {
              "contents": [
                {
                  "description": "Combination\u200e of chicken satay, crab angel, calamari, fried vegetable, spring roll & thai dumpling (kanom jeeb).",
                  "key": "ahRzfnNvdW5kLWhlbHBlci04NzkyMXIRCxIESXRlbRiAgIDA9sKQCgw",
                  "name": "Combination Plate",
                  "price": "10.95","option_groups": [
                    {
                      "options": [
                        {
                          "name": "Thai custard",
                          "price": "3.95"
                        },
                        {
                          "name": "Sweet mango",
                          "price": "4.95"
                        }
                      ],
                      "text": "Flavour",
                      "type": "OPTION_ADD"
                    },
                    {
                      "options": [
                        {
                          "name": "Thai custard",
                          "price": "3.95"
                        },
                        {
                          "name": "Sweet mango",
                          "price": "4.95"
                        }
                      ],
                      "text": "Meat",
                      "type": "OPTION_CHOOSE"
                    }
                  ],
                  "type": "ITEM"
                },
                {
                  "description": "Skewer chicken, peanut sauce & cucumber relish.",
                  "key": "ahRzfnNvdW5kLWhlbHBlci04NzkyMXIRCxIESXRlbRiAgIDAiq6BCgw",
                  "name": "Chicken Satay 4 Sticks",
                  "price": "5.95",
                  "type": "ITEM"
                },
                {
                  "description": "Deep fried calamari served w/ sweet & sour sauce.",
                  "key": "ahRzfnNvdW5kLWhlbHBlci04NzkyMXIRCxIESXRlbRiAgICAqbmTCgw",
                  "name": "Pla Muk Tod (Calamari)",
                  "price": "5.95",
                  "type": "ITEM"
                },
                {
                  "description": "Fried crab & cream cheese seasoned wontons.",
                  "key": "ahRzfnNvdW5kLWhlbHBlci04NzkyMXIRCxIESXRlbRiAgICA3LKACQw",
                  "name": "Crab Angles 6 Pcs",
                  "price": "4.95",
                  "type": "ITEM"
                },
                {
                  "description": "Chicken, shrimp, mushroom, water chestnuts dumpling served w/ soy vinegar sauce.",
                  "key": "ahRzfnNvdW5kLWhlbHBlci04NzkyMXIRCxIESXRlbRiAgIDAiuSeCQw",
                  "name": "Thai Dumpling (Kanom Jeeb)",
                  "price": "4.95",
                  "type": "ITEM"
                },
                {
                  "description": "Fried tofu served w/ sweet & sour sauce.",
                  "key": "ahRzfnNvdW5kLWhlbHBlci04NzkyMXIRCxIESXRlbRiAgIDAzO-QCQw",
                  "name": "Triangle Tofu",
                  "price": "4.95",
                  "type": "ITEM"
                },
                {
                  "description": "Pastry filled w/ chicken, potato, onion & carrot served w/ cucumber relish",
                  "key": "ahRzfnNvdW5kLWhlbHBlci04NzkyMXIRCxIESXRlbRiAgICAnsn3Cww",
                  "name": "Chicken Curry Puff 3 Pcs",
                  "price": "4.95",
                  "type": "ITEM"
                },
                {
                  "description": "Deep-fried lightly spice ground whitefish served w/ spicy cucumber sauce.",
                  "key": "ahRzfnNvdW5kLWhlbHBlci04NzkyMXIRCxIESXRlbRiAgICA6r6OCww",
                  "name": "Thod Mun (Fish Cake) 7 Pcs",
                  "price": "5.95",
                  "type": "ITEM"
                },
                {
                  "description": "Deep-fried shrimp wrapped in spring roll skin served sweet & sour sauce.",
                  "key": "ahRzfnNvdW5kLWhlbHBlci04NzkyMXIRCxIESXRlbRiAgICAqfKDCAw",
                  "name": "Shrimp Blanket 6 Pcs",
                  "price": "6.95",
                  "type": "ITEM"
                },
                {
                  "description": "Cabbage, carrot, ear mushroom, clear noodle roll in crispy wrapper.",
                  "key": "ahRzfnNvdW5kLWhlbHBlci04NzkyMXIRCxIESXRlbRiAgIDArLiJCgw",
                  "name": "Fried Spring Roll 4 Pcs",
                  "price": "3.95",
                  "type": "ITEM"
                },
                {
                  "description": "Boiled chicken, shrimp, green leaves lettuce, bean sprouts, cucumber wrapped in rice paper served w/ spicy sauce.",
                  "key": "ahRzfnNvdW5kLWhlbHBlci04NzkyMXIRCxIESXRlbRiAgICAt7uHCAw",
                  "name": "Fresh Spring Roll 2 Pcs.",
                  "price": "4.95",
                  "type": "ITEM"
                },
                {
                  "key": "ahRzfnNvdW5kLWhlbHBlci04NzkyMXIRCxIESXRlbRiAgIDAirL_CQw",
                  "name": "Thai Chicken Wing 6 Pcs.",
                  "price": "5.95",
                  "type": "ITEM"
                }
              ],
              "subsection_name": ""
            }
          ]
        },
        {
          "section_name": "Soup\u200e",
          "subsections": [
            {
              "contents": [
                {
                  "description": "Spicy lemongrass soup, straw mushroom & tomato.",
                  "name": "Tom Yum (Lemongrass Soup)",
                  "key": "ahRzfnNvdW5kLWhlbHBlci04NzkyMXIRCxIESXRlbRiAgICAqaOKCgw",
                  "option_groups": [
                    {
                      "options": [
                        {
                          "name": "Chicken",
                          "price": "4.95"
                        },
                        {
                          "name": "Shrimp",
                          "price": "5.95"
                        },
                        {
                          "name": "Seafood (squid, shrimp, scallop & mussels)",
                          "price": "7.95"
                        }
                      ],
                      "text": "Meat",
                      "type": "OPTION_CHOOSE"
                    }
                  ],
                  "type": "ITEM"
                },
                {
                  "description": "Chicken, coconut milk, galangal, kaffir lime leaves, mushroom & lime juice.",
                  "key": "ahRzfnNvdW5kLWhlbHBlci04NzkyMXIRCxIESXRlbRiAgICAqaOKCgw",
                  "name": "Tom Kha Kai",
                  "price": "5.95",
                  "type": "ITEM"
                },
                {
                  "description": "Chicken, shrimp dumpling in chicken soup w/ bean sprouts & tofu",
                  "key": "ahRzfnNvdW5kLWhlbHBlci04NzkyMXIRCxIESXRlbRiAgIDA8pvmCww",
                  "name": "Wonton Soup",
                  "price": "5.95",
                  "type": "ITEM"
                }
              ],
              "subsection_name": ""
            }
          ]
        },
        {
          "section_name": "Thai Salad\u200e",
          "subsections": [
            {
              "contents": [
                {
                  "description": "Mixed green vegetable w/ sliced chicken topped w/ peanut sauce.",
                  "key": "ahRzfnNvdW5kLWhlbHBlci04NzkyMXIRCxIESXRlbRiAgICA6qqXCAw",
                  "name": "Wonder Salad",
                  "price": "7.95",
                  "type": "ITEM"
                },
                {
                  "description": "Julienned green papaya, roasted peanuts, green bean, tomatoes & grilled shrimp on lettuce seasoned w/ spicy limedres.",
                  "key": "ahRzfnNvdW5kLWhlbHBlci04NzkyMXIRCxIESXRlbRiAgICA2KmSCQw",
                  "name": "Papaya Salad (Sum Tum)",
                  "price": "6.95",
                  "type": "ITEM"
                },
                {
                  "description": "Slices of grilled steak, red onion, green onion, cilantro, roasted rice powder on lettuce seasoned w/ spicy lime dressing.",
                  "key": "ahRzfnNvdW5kLWhlbHBlci04NzkyMXIRCxIESXRlbRiAgIDA9sKQCQw",
                  "name": "Tiger's Tear Salad",
                  "price": "7.95",
                  "type": "ITEM"
                },
                {
                  "description": "Minced chicken, red onion, green onion, cilantro, roasted rice powder on lettuce seasoned w/ spicy lime dressing.",
                  "key": "ahRzfnNvdW5kLWhlbHBlci04NzkyMXIRCxIESXRlbRiAgICAqe6CCQw",
                  "name": "Larb Gai (Spicy Lettuce Wrap)",
                  "price": "7.95",
                  "type": "ITEM"
                },
                {
                  "description": "Ground chicken, glass noodle, onion, cilantro, scallions, carrot on lettuce seasoned w/ spicy lime dressing.",
                  "key": "ahRzfnNvdW5kLWhlbHBlci04NzkyMXIRCxIESXRlbRiAgICA6sXvCQw",
                  "name": "Yum Woon Sen",
                  "price": "7.95",
                  "type": "ITEM"
                },
                {
                  "description": "Combination of shrimp, squid, scallop, mussel, red onion, green onion, cilantro, roasted rice powder on lettuce seasoned w/ spicy lime dressing.",
                  "key": "ahRzfnNvdW5kLWhlbHBlci04NzkyMXIRCxIESXRlbRiAgIDAzNCHCAw",
                  "name": "Yum Talay Salad (Seafood Salad)",
                  "price": "9.95",
                  "type": "ITEM"
                }
              ],
              "subsection_name": ""
            }
          ]
        },
        {
          "section_name": "Entree\u200e",
          "subsections": [
            {
              "contents": [
                {
                  "description": "Grill w/ terriyai sauce, toasted sesame seeds & preserved cabbage & carrot on the side.",
                  "name": "Terriyaki",
                  "type": "ITEM"
                },
                {
                  "description": "Pan seared chicken, peanut sauce streamed broccoli.",
                  "name": "Chicken Peanut Sauce",
                  "type": "ITEM"
                },
                {
                  "description": "Crispy breaded chicken, bell pepper, cashew nut, sesame seed seasoned w/ orange-soy sauce.",
                  "name": "Orange Chicken",
                  "type": "ITEM"
                },
                {
                  "description": "Deep-fried breaded chicken, bell pepper, onion, green onion, tomato, pineapple, cucumber cooked in pineapple & tomato sauce.",
                  "name": "Sweet & Sour Chicken",
                  "type": "ITEM"
                },
                {
                  "description": "Shrimp, bell pepper, onion, green onion, tomato, mango, cucumber cooked in pineapple & tomato sauce.",
                  "name": "Shrimp Mango",
                  "type": "ITEM"
                },
                {
                  "description": "A choice of meat w/ pan-fried mixed veggies, cabbage, carrot, mushroom, broccoli & baby corn.",
                  "name": "Veggie Delight",
                  "type": "ITEM"
                },
                {
                  "description": "A choice of meat w/ black mushroom, straw mushroom, onion, green onion & ginger strips.",
                  "name": "Ginger Lover",
                  "type": "ITEM"
                },
                {
                  "description": "A choice of meat saut\u00e9ed w/ onion, green onion, carrots, bell pepper, dried chilis & cashew nut in thai sauce.",
                  "name": "Thai Cashew Nut",
                  "type": "ITEM"
                },
                {
                  "description": "A choice of meat saut\u00e9ed w/ onion, green onion & bell pepper w/ house sauce.",
                  "name": "Beff Bell Pepper",
                  "type": "ITEM"
                },
                {
                  "description": "A choice of meat w/ house special garlic sauce served w/ cucumber.",
                  "name": "Pad Ka-Tiem",
                  "type": "ITEM"
                },
                {
                  "description": "A choice of meat w/ chili-garlic sauce, green bean & basil.",
                  "name": "Pad Kra Pow",
                  "type": "ITEM"
                },
                {
                  "description": "A choice of meat w/ prik khing curry paste & green bean & bell pepper.",
                  "name": "Pad Prik Khing",
                  "type": "ITEM"
                },
                {
                  "description": "Tofu & asian eggplant, bell peper saut\u00e9ed in in chili-garlic & black bean sauce.",
                  "name": "Tofu-Eggplant Basil",
                  "type": "ITEM"
                },
                {
                  "description": "Shrimp, coconut milk, red curry paste, pineapple & basil.",
                  "name": "Shrimp Pineapple Curry",
                  "type": "ITEM"
                },
                {
                  "description": "A choice of meat, coconut milk, green curry paste, green bean, thai eggplant, bell pepper & basil.",
                  "name": "Green Curry",
                  "type": "ITEM"
                },
                {
                  "description": "A choice of meat, coconut milk, red curry paste, bamboo shoot, bell pepper & basil.",
                  "name": "Red Curry",
                  "type": "ITEM"
                },
                {
                  "description": "A choice of meat, coconut milk, panang curry paste & carrot.",
                  "name": "Panang Curry",
                  "type": "ITEM"
                },
                {
                  "description": "A choice of meat, cocunut milk, yellow curry paste, onion & potato.",
                  "name": "Yellow Curry",
                  "type": "ITEM"
                },
                {
                  "description": "A choice of meat, chili- krachai root (thai herb) paste, mushroom, baby corn, thai eggplant, bamboo shoot & basil.",
                  "name": "Wild Curry",
                  "type": "ITEM"
                }
              ],
              "subsection_name": ""
            }
          ]
        },
        {
          "section_name": "Noodle & Rice\u200e",
          "subsections": [
            {
              "contents": [
                {
                  "description": "Sweet\u200e soy glaze, toasted sesame seeds served w/ preserved cabbage & carrot on top of stream jasmine or brown rice.",
                  "name": "Terriyaki",
                  "type": "ITEM"
                },
                {
                  "description": "Fried rice w/ pineapple, carrot, onion, scallion & egg.",
                  "name": "Pineapple Fried Rice",
                  "type": "ITEM"
                },
                {
                  "description": "Fried rice w/ chicken, shrimp, spicy shrimp powder, cashew nut & egg.",
                  "key": "ahRzfnNvdW5kLWhlbHBlci04NzkyMXIRCxIESXRlbRiAgIDAzNCHCgw",
                  "name": "Anothai Fried Rice",
                  "price": "12.95",
                  "type": "ITEM"
                },
                {
                  "description": "Fried rice w/ chicken & shrimp roasted pepper-tamarind sauce topped w/ omelet & fresh cucumber.",
                  "key": "ahRzfnNvdW5kLWhlbHBlci04NzkyMXIRCxIESXRlbRiAgICAnL-fCAw",
                  "name": "Java Fried Rice",
                  "price": "12.95",
                  "type": "ITEM"
                },
                {
                  "description": "Fried rice w/ real crab, scallion & egg.",
                  "key": "ahRzfnNvdW5kLWhlbHBlci04NzkyMXIRCxIESXRlbRiAgIDArKKYCQw",
                  "name": "Crab Fried Rice",
                  "price": "12.95",
                  "type": "ITEM"
                },
                {
                  "description": "A choice of meat, rice noodle, bean sprout, peanut, scallion, egg & soy-tamarind sauce & crush peanut on the side.",
                  "name": "Pad Thai",
                  "type": "ITEM"
                },
                {
                  "description": "Spicy stir-fried spaghetti w/ choice of meat, mushroom, tomato, green bean & basil.",
                  "name": "Thai Style Spaghetti Bassil",
                  "type": "ITEM"
                },
                {
                  "description": "Pan-fried w/ flat rice noodle w/ egg & broccoli in house sauce.",
                  "name": "Pad See Eue",
                  "type": "ITEM"
                },
                {
                  "description": "Pan-fried w/ flat rice noodles, bell pepper, broccoli, carrot, tomatoes in chili garlic sauce & thai basil leaves.",
                  "name": "Pad Kee Mao",
                  "type": "ITEM"
                }
              ],
              "subsection_name": ""
            }
          ]
        },
        {
          "section_name": "Signature Dishes\u200e",
          "subsections": [
            {
              "contents": [
                {
                  "description": "Beef simmered in musamun curry, onion, carrot, potato & avocado.",
                  "key": "ahRzfnNvdW5kLWhlbHBlci04NzkyMXIRCxIESXRlbRiAgICAnt2eCgw",
                  "name": "Beef Musamun Curry w/ Avocado",
                  "price": "11.95",
                  "type": "ITEM"
                },
                {
                  "description": "Crispy catfish fillet, green bean, prik khing curry paste & basil.",
                  "key": "ahRzfnNvdW5kLWhlbHBlci04NzkyMXIRCxIESXRlbRiAgICAqfKDCQw",
                  "name": "Spicy Catfish",
                  "price": "12.95",
                  "type": "ITEM"
                },
                {
                  "description": "Roasted duck in red curry, coconut milk, pineapple, tomato, bamboo shoot & basil.",
                  "key": "ahRzfnNvdW5kLWhlbHBlci04NzkyMXIRCxIESXRlbRiAgIDArLiJCww",
                  "name": "Roasted Duck Red Curry",
                  "price": "14.95",
                  "type": "ITEM"
                },
                {
                  "description": "Deep fried red snapper topped w/ sauce of your choice:",
                  "key": "ahRzfnNvdW5kLWhlbHBlci04NzkyMXIRCxIESXRlbRiAgICAt7uHCQw",
                  "name": "Whole Fish Special",
                  "option_groups": [
                    {
                      "options": [
                        {
                          "name": "Three flavor sauce"
                        },
                        {
                          "name": "Thai herb, chili basil sauce"
                        }
                      ],
                      "text": "Side",
                      "type": "OPTION_CHOOSE"
                    }
                  ],
                  "price": "18.95",
                  "type": "ITEM"
                },
                {
                  "description": "Shrimp, cabbage, thai sweet chili paste served on hot plate.",
                  "key": "ahRzfnNvdW5kLWhlbHBlci04NzkyMXIRCxIESXRlbRiAgIDAivKACAw",
                  "name": "Vocano Shrimp (Flamb\u00e9)",
                  "price": "16.95",
                  "type": "ITEM"
                },
                {
                  "description": "Shrimp, scallop, squid, mussel, coconut milk, panang curry & bell pepper.",
                  "key": "ahRzfnNvdW5kLWhlbHBlci04NzkyMXIRCxIESXRlbRiAgICAqaOKCww",
                  "name": "Seafood Paradise",
                  "price": "18.95",
                  "type": "ITEM"
                },
                {
                  "description": "Shrimp, scallop, catfish, mussel, cabbage, red curry, coconut milk served on hot plate.",
                  "key": "ahRzfnNvdW5kLWhlbHBlci04NzkyMXIRCxIESXRlbRiAgIDA8puWCgw",
                  "name": "Seafood Dot Com (Flamb\u00e9)",
                  "price": "18.95",
                  "type": "ITEM"
                }
              ],
              "subsection_name": ""
            }
          ]
        },
        {
          "section_name": "Kids\u200e",
          "subsections": [
            {
              "contents": [
                {
                  "key": "ahRzfnNvdW5kLWhlbHBlci04NzkyMXIRCxIESXRlbRiAgICA6qqXCQw",
                  "name": "Beef or Chicken Teriyaki",
                  "price": "5.50",
                  "type": "ITEM"
                },
                {
                  "key": "ahRzfnNvdW5kLWhlbHBlci04NzkyMXIRCxIESXRlbRiAgICAqe6CCww",
                  "name": "Orange Chicken",
                  "price": "5.50",
                  "type": "ITEM"
                }
              ],
              "subsection_name": ""
            }
          ]
        },
        {
          "section_name": "Dessert\u200e",
          "subsections": [
            {
              "contents": [
                {
                  "name": "Sweet Sticky Rice",
                  "option_groups": [
                    {
                      "options": [
                        {
                          "name": "Thai custard",
                          "price": "3.95"
                        },
                        {
                          "name": "Sweet mango",
                          "price": "4.95"
                        }
                      ],
                      "text": "Flavour",
                      "type": "OPTION_CHOOSE"
                    },
                    {
                      "options": [
                        {
                          "name": "Thai custard",
                          "price": "3.95"
                        },
                        {
                          "name": "Sweet mango",
                          "price": "4.95"
                        }
                      ],
                      "text": "Meat",
                      "type": "OPTION_CHOOSE"
                    }
                  ],
                  "type": "ITEM",
                  "key": "ahRzfnNvdW5kLWhlbHBlci04NzkyMXIRCxIESXRlbRiAgIDAjKeaCAw"
                },
                {
                  "key": "ahRzfnNvdW5kLWhlbHBlci04NzkyMXIRCxIESXRlbRiAgIDAjKeaCAw",
                  "name": "Crispy Banana & Coconut Ice Cream",
                  "price": "3.95",
                  "type": "ITEM"
                }
              ],
              "subsection_name": ""
            }
          ]
        },
        {
          "section_name": "Drinks\u200e",
          "subsections": [
            {
              "contents": [
                {
                  "key": "ahRzfnNvdW5kLWhlbHBlci04NzkyMXIRCxIESXRlbRiAgIDAiq6BCww",
                  "name": "Pepsi, Diet Pepsi, Dr. Peper, Root Beer, Lemonade, Sierra Mist",
                  "price": "1.50",
                  "type": "ITEM"
                },
                {
                  "key": "ahRzfnNvdW5kLWhlbHBlci04NzkyMXIRCxIESXRlbRiAgIDAzNCHCQw",
                  "name": "Ice Tea",
                  "price": "1.50",
                  "type": "ITEM"
                },
                {
                  "key": "ahRzfnNvdW5kLWhlbHBlci04NzkyMXIRCxIESXRlbRiAgICAnL-fCgw",
                  "name": "Ginger Ice Tea, Thai Ice Tea, Thai Ice Coffee",
                  "price": "2.00",
                  "type": "ITEM"
                },
                {
                  "key": "ahRzfnNvdW5kLWhlbHBlci04NzkyMXIRCxIESXRlbRiAgIDArKKYCww",
                  "name": "Orange Juice, Apple Juice, Cranberry Juice",
                  "price": "2.00",
                  "type": "ITEM"
                },
                {
                  "description": "Jasmine tea, green tea, chrysanthemum tea, ginger tea",
                  "key": "ahRzfnNvdW5kLWhlbHBlci04NzkyMXIRCxIESXRlbRiAgICAqbmTCww",
                  "name": "Hot Tea",
                  "price": "1.50",
                  "type": "ITEM"
                },
                {
                  "key": "ahRzfnNvdW5kLWhlbHBlci04NzkyMXIRCxIESXRlbRiAgICA3LLACAw",
                  "name": "Thai Hot Coffee",
                  "price": "1.50",
                  "type": "ITEM"
                }
              ],
              "subsection_name": ""
            }
          ]
        }
      ]
    }
  ]
}