{
	"description": "Lorem ipsum dolor sit amet, consectetur adipisicing elit. Veritatis, et temporibus explicabo velit alias rerum impedit at totam. Ratione, non!",
	"distance_to":15,
	"image": "img/plato.jpg",
	"key": "uihkjggjk",
	"location":	{
		"lat":10.489279,
		"lon":-66.8720721
	},
	"name": "Plate Lorem ipsum.",
	"pid": 123123,
	"price": 200,
	"rating_average":	3.5,
	"restaurant":	{
		"coordinates": {
			"lat":10.489279,
			"lon":-66.8720721
		},
		"distance_to": 15,
		"name": "Rest Lorem ipsum dolor ",
		"num_tables":	30,
		"pid": 23123,
		"street_address":	"Lorem ipsum dolor sit amet, consectetur adipisicing elit."
	},
	"score": 8
}