{
	"coordinates": {
		"lat":10.489279,
		"lon":-66.8720721
	},
	"distance_to": 150,
	"name": "Lorem ipsum dolor sit amet",
	"num_tables":	3,
	"image":  "img/restaurante.jpg",
	"pid": 1,
	"street_address":	"1346 West Liberty Ave.",
	"description": "Lorem ipsum dolor sit amet, consectetur adipisicing elit. Nobis, aliquam, accusamus consequuntur culpa ut sit modi veritatis eligendi nulla deleniti ipsam dolorem provident quasi porro sunt. Numquam quod magnam perspiciatis.",
		"menus": [{
				"currency_symbol":"$",
				"sections": 
					[{ 
						"section_name": "Section name",
						"subsections": [{ 
								"subsection_name": "Subsection name",
								"contents" :[
								{
									"description": "A rib-eye\u200f steak cooked with assorted vegetables in a special sauce and served on a hot sizzling platter.",
									"key": "ahRzfnNvdW5kLWhlbHBlci04NzkyMXIRCxIESXRlbRiAgICA16X9Cgw",
									"name": "ADD Oriental Sizzling Steak",
									"image": "img/no_image.jpg",
									"option_groups": [
									{
										"options": [
										{
											"name": "Shrimp",
											"price": "+3.00"
										}],
										"text": "Meat",
										"type": "OPTION_ADD"
									},
								{
									"options": [
									{
										"name": "Hot and sour"
									},
									{
										"name": "Wonton"
									},
									{
										"name": "Egg drop soup"
									}],
									"text": "Soup",
									"type": "OPTION_CHOOSE"
								},
								{
										"options": [
										{
											"name": "Shrimp",
											"price": "+3.00"
										}],
										"text": "Meat",
										"type": "OPTION_ADD"
									}],
									"price": "16.95",
                                "type": "ITEM"
                            },
                            {
								"description": "Lorem ipsum dolor sit amet, consectetur adipisicing elit. Illum nobis tempore omnis excepturi! Animi, a minima culpa suscipit rerum libero.",
								"key":	"burrito",
								"image": "img/no_image.jpg",
								"name": "CHOOSE Burrito",
								"price": 24,
								"type": "ITEM",
								"option_groups": [
								{
									"options": [
									{
										"name": "Hot and sour"
									},
									{
										"name": "Wonton"
									},
									{
										"name": "Egg drop soup"
									}],
									"text": "Soup",
									"type": "OPTION_CHOOSE"
								}]
								},{
										"description": "Lorem ipsum dolor sit amet, consectetur adipisicing elit. Illum nobis tempore omnis excepturi! Animi, a minima culpa suscipit rerum libero.",
										"key":	"burrito-otro",
										"image": "img/plato.jpg",
										"name": "Burrito Otro",
										"price": 24,
										"type": "ITEM"
								}]
							},{ 
								"subsection_name": "Subsection 2 name",
								"contents" :[{
										"description": "Lorem ipsum dolor sit amet, consectetur adipisicing elit. Illum nobis tempore omnis excepturi! Animi, a minima culpa suscipit rerum libero.",
										"key":	"tacos",
										"image": "img/plato.jpg",
										"name": "Tacos",
										"price": 20,
										"type": "ITEM"
									},{
										"description": "Lorem ipsum dolor sit amet, consectetur adipisicing elit. Illum nobis tempore omnis excepturi! Animi, a minima culpa suscipit rerum libero.",
										"key":	"burrito",
										"image": "img/plato.jpg",
										"name": "Burrito",
										"price": 30,
										"type": "ITEM"
								}]
							}]
						},{ 
						"section_name": "Section two",
						"subsections": [{ 
								"subsection_name": "Subsection two 1",
								"contents" :[{
										"description": "Lorem ipsum dolor sit amet, consectetur adipisicing elit. Illum nobis tempore omnis excepturi! Animi, a minima culpa suscipit rerum libero.",
										"key":	"tacos",
										"image": "img/plato.jpg",
										"name": "Tacos",
										"price": 20,
										"type": "ITEM"
									},{
										"description": "Lorem ipsum dolor sit amet, consectetur adipisicing elit. Illum nobis tempore omnis excepturi! Animi, a minima culpa suscipit rerum libero.",
										"key":	"burrito",
										"image": "img/plato.jpg",
										"name": "Burrito",
										"price": 31,
										"type": "ITEM"
								}]
							},{ 
								"subsection_name": "Subsection Two 2",
								"contents" :[{
										"description": "Lorem ipsum dolor sit amet, consectetur adipisicing elit. Illum nobis tempore omnis excepturi! Animi, a minima culpa suscipit rerum libero.",
										"key":	"tacos",
										"image": "img/plato.jpg",
										"name": "Tacos",
										"price": 32,
										"type": "ITEM"
									},{
										"description": "Lorem ipsum dolor sit amet, consectetur adipisicing elit. Illum nobis tempore omnis excepturi! Animi, a minima culpa suscipit rerum libero.",
										"key":	"burrito",
										"image": "img/plato.jpg",
										"name": "Burrito",
										"price": 20,
										"type": "ITEM"
								},{
										"description": "Lorem ipsum dolor sit amet, consectetur adipisicing elit. Illum nobis tempore omnis excepturi! Animi, a minima culpa suscipit rerum libero.",
										"key":	"burrito",
										"image": "img/plato.jpg",
										"name": "Burrito",
										"price": 20,
										"type": "ITEM"
								},{
										"description": "Lorem ipsum dolor sit amet, consectetur adipisicing elit. Illum nobis tempore omnis excepturi! Animi, a minima culpa suscipit rerum libero.",
										"key":	"burrito",
										"image": "img/plato.jpg",
										"name": "Burrito",
										"price": 20,
										"type": "ITEM"
								}]
							}]
						}
					]
			},
			{ 
				"sections": 
					[{ 
						"section_name": "Section name 2",
						"subsections": [{ 
								"subsection_name": "2 Another one",
								"contents" :[{
										"description": "Lorem ipsum dolor sit amet, consectetur adipisicing elit. Illum nobis tempore omnis excepturi! Animi, a minima culpa suscipit rerum libero.",
										"key":	"tacos",
										"image": "img/plato.jpg",
										"name": "Tacos",
										"price": 20,
										"type": "ITEM"
									}]
							},{ 
								"subsection_name": "2 Another one 2",
								"contents" :[{
										"description": "Lorem ipsum dolor sit amet, consectetur adipisicing elit. Illum nobis tempore omnis excepturi! Animi, a minima culpa suscipit rerum libero.",
										"key":	"tacos",
										"image": "img/plato.jpg",
										"name": "Tacos",
										"price": 20,
										"type": "ITEM"
									},{
										"description": "Lorem ipsum dolor sit amet, consectetur adipisicing elit. Illum nobis tempore omnis excepturi! Animi, a minima culpa suscipit rerum libero.",
										"key":	"burrito",
										"image": "img/plato.jpg",
										"name": "Burrito",
										"price": 30,
										"type": "ITEM"
								}]
							}]
						},{ 
						"section_name": "22 Some other name 2",
						"subsections": [{ 
								"subsection_name": "22 Another 2 one",
								"contents" :[ {
										"description": "Lorem ipsum dolor sit amet, consectetur adipisicing elit. Illum nobis tempore omnis excepturi! Animi, a minima culpa suscipit rerum libero.",
										"key":	"tacos",
										"image": "img/plato.jpg",
										"name": "Tacos",
										"price": 20,
										"type": "ITEM"
									},{
										"description": "Lorem ipsum dolor sit amet, consectetur adipisicing elit. Illum nobis tempore omnis excepturi! Animi, a minima culpa suscipit rerum libero.",
										"key":	"burrito",
										"image": "img/plato.jpg",
										"name": "Burrito",
										"price": 31,
										"type": "ITEM"
								}]
							}]
						}   							
					]
			}]
}